chapter,date,url,volume
65 - O Prazer do Aprendizado,16 horas atrás,https://dropescan.com/manga/mairimashita-iruma-kun/volume-08/65/,Volume 08
chapter,date,url,volume
65 - O Prazer do Aprendizado,16 horas atrás,https://dropescan.com/manga/mairimashita-iruma-kun/volume-08/65/,Volume 08
chapter,date,url,volume
65 - O Prazer do Aprendizado,16 horas atrás,https://dropescan.com/manga/mairimashita-iruma-kun/volume-08/65/,Volume 08
chapter,date,url,volume
65 - O Prazer do Aprendizado,16 horas atrás,https://dropescan.com/manga/mairimashita-iruma-kun/volume-08/65/,Volume 08
chapter,date,url,volume
65 - O Prazer do Aprendizado,16 horas atrás,https://dropescan.com/manga/mairimashita-iruma-kun/volume-08/65/,Volume 08
